Name,Age,Income,Family_Size,Health_Condition
Natalie Manning,59,2377,7,Poor
Brenda Moore,37,4888,6,Good
Amanda Bautista,33,1332,6,Fair
Mr. William Smith,50,3308,8,Poor
Robert Mendoza,28,2197,6,Fair
Robert Burke,79,4802,7,Poor
Glenda Cooper,64,604,4,Fair
Steven Cooper,38,1724,8,Poor
Brandi Dawson,19,2425,3,Poor
Eddie Acosta,58,2840,6,Poor
Kimberly Sims,28,335,4,Poor
Anita Gordon,45,1332,2,Poor
Tracy Riley,80,932,8,Poor
Mark Johnson,18,2572,5,Poor
Kimberly Blackburn,61,4152,7,Good
Marie Taylor,26,4775,6,Fair
Angela Marsh,19,3110,5,Poor
Benjamin Robinson,65,4425,3,Poor
Sandra Martinez,63,3424,5,Fair
Megan Roberson,74,376,3,Poor
Michael Holland,43,1263,1,Good
Joseph Medina,30,401,7,Fair
Jason Maynard,77,1529,5,Poor
Dana Wilson,78,1984,4,Fair
Danielle Ramirez,44,527,5,Poor
Todd Marquez,33,2475,5,Good
Ashley Rogers,22,128,6,Fair
Donald Mcdonald,43,3143,8,Poor
Robert Garcia,56,1131,6,Good
Lisa Moses,64,2136,5,Good
Cassandra Russell,33,417,3,Poor
Scott Hernandez,39,4316,7,Good
Angela Hernandez,80,4623,8,Good
Nathan Sharp,34,3610,2,Poor
David Rangel,25,4913,4,Fair
John Espinoza,51,4143,3,Good
Melissa Daniel,68,3806,2,Fair
Daniel Lee,79,106,5,Good
Bethany Soto,72,4774,6,Fair
Andrea Richmond,49,4809,5,Fair
Edward Rich,57,2616,3,Good
Juan Prince,79,4785,2,Fair
Jon Meyers,49,2713,1,Good
Nancy Jenkins,46,934,4,Good
Michelle Koch,60,2923,5,Good
Autumn Williams,53,373,1,Fair
Logan Chambers,79,1440,7,Fair
Mary Adkins,37,3861,8,Poor
Sarah Murray,52,676,2,Poor
Lisa Coleman,35,2567,6,Fair
Kelly Smith,77,4545,5,Fair
Nicholas Miller,74,760,7,Good
Justin Collins,45,1277,6,Poor
Angela Cardenas,67,4660,8,Good
Jordan Browning,36,785,8,Good
Melissa Castro,34,3294,6,Poor
Valerie Lin,55,4928,5,Fair
Nancy Blankenship,53,1260,4,Good
Theresa Hogan,38,305,3,Poor
Andrew Bell,78,2841,6,Good
Jasmine Graves,76,1179,2,Good
David Bowen,36,2414,6,Poor
William Williamson,76,1927,6,Poor
Andrea Cole,36,2563,5,Poor
Dr. Eric Davidson,49,4361,6,Poor
Krystal Wilson,32,3876,6,Good
Spencer Middleton,62,1577,8,Good
Patricia Flowers,39,269,8,Fair
Allison Anderson,58,1686,5,Good
Marissa Herrera,78,4594,3,Fair
Steven Mitchell,26,4521,2,Fair
Alexander Smith,70,3636,4,Poor
Jessica Smith,78,1448,3,Poor
Michael Dawson,43,2175,6,Good
Matthew Gill,60,4947,7,Good
Vanessa Johnson,80,2720,7,Fair
Thomas Edwards,59,2250,8,Poor
Rebecca Olson,72,4678,2,Good
Amy Kaiser,64,4964,5,Poor
John Robertson,31,3027,8,Good
Amber Jackson,27,3736,7,Fair
Paula Wong,70,3651,2,Good
Brandon Kim,66,4850,1,Fair
Courtney Weber,79,1591,1,Good
Lori Sims,49,3688,3,Good
Michele Cooper,21,332,4,Poor
Angela Navarro,46,154,7,Fair
Frances Lambert,24,538,1,Fair
Wayne Young,19,4916,7,Fair
Robert Davis,26,3602,8,Poor
Oscar Barker,31,688,8,Poor
Samantha Patton,49,2849,6,Fair
Mary Wolf,63,3374,4,Poor
Joseph Dunn,36,3136,6,Fair
Kevin Sosa IV,23,2811,7,Good
Margaret Walter,55,4503,7,Poor
Jon Cox,71,2195,2,Fair
Katherine Conway,74,214,7,Good
Jackie Lewis,36,321,7,Good
Michael Stephens,61,2464,6,Good
Kristen Mitchell,61,247,7,Good
Steven Robinson,32,521,2,Poor
Matthew Taylor,22,2156,1,Good
Craig Kelly,38,3353,2,Good
Donna Riddle,18,4761,7,Poor
Kenneth Parsons,46,688,5,Good
Brittany Miller,68,2967,4,Fair
John Day,26,1471,4,Fair
Angel Burton,19,297,8,Good
Benjamin Spencer,66,1973,7,Fair
Megan Sellers,34,2737,7,Poor
Martha Brooks,72,726,3,Good
Laura Foster,21,4971,8,Fair
Cynthia Palmer,22,3317,7,Fair
Gregory Holt,64,4513,6,Poor
Donald Ramos,78,1936,2,Good
John Gray,52,4199,2,Fair
Antonio Jones,31,677,7,Good
Sonya Smith,25,3639,7,Poor
Joel Armstrong,46,2546,3,Good
Christine Dixon,72,2895,2,Fair
Barbara Adams,76,3656,2,Good
Tyler Price,38,2622,5,Good
John Suarez,63,3737,6,Fair
Haley Donovan,48,2636,2,Fair
Mark Knox,57,3682,5,Good
Mark Sandoval,58,966,4,Good
Gerald Gonzales,61,3647,4,Fair
Anna Scott,19,4239,2,Good
Darren Oliver,49,3837,6,Good
Kristen Moran,30,182,1,Good
Michelle Roberts,66,3686,5,Poor
Karen Stevens,66,2427,7,Fair
Derek Young,62,700,2,Poor
Timothy Martinez,80,3849,5,Good
Justin Hubbard DVM,31,2998,2,Good
Philip Jimenez,45,1321,1,Poor
Christopher Thomas,60,4641,6,Fair
Luke Delgado,57,4173,4,Fair
Jordan Johnson,71,2717,5,Poor
Craig Black,79,4507,1,Good
Angela Atkinson,55,4380,7,Good
Bradley Nelson,80,2525,3,Fair
Paula Contreras,41,3773,6,Poor
Kyle Davis,59,3402,5,Fair
Ashley Shaw,28,4616,8,Fair
Jamie Faulkner,39,1886,1,Good
Brent Johnson,33,2042,2,Good
Amber Gamble,36,1404,8,Poor
Debra Morgan PhD,40,410,2,Fair
Nicole Watson,78,1258,4,Poor
Jordan Gutierrez,39,162,2,Good
Steven Keller,33,742,3,Good
Joshua Johnson,51,2052,4,Fair
Margaret Mack,28,1060,5,Fair
Dr. Carl Chandler,61,4023,6,Good
Jeremy Perry,35,383,7,Good
Scott Patel,29,1149,5,Good
Ian Moore,23,2720,2,Good
Ronald Williams,25,2704,1,Poor
Samantha Spencer,62,3648,4,Fair
Kenneth West,32,377,3,Fair
Katie Hull,39,888,6,Fair
Cheryl Mitchell,65,4661,1,Fair
Lisa Camacho,72,501,3,Fair
Cindy Walker,58,3590,4,Poor
Martin Aguilar,60,3439,3,Poor
Jeremy Walker,62,662,6,Fair
Nathan Ho,50,2637,1,Fair
Debra Howard,39,378,1,Poor
Marcus Guzman,52,3450,2,Fair
Carol Christian,55,3802,7,Fair
Meredith David,36,4439,4,Fair
Samantha Blake,55,1419,5,Fair
Austin Moran,65,2865,6,Poor
Anthony Acevedo III,65,4469,2,Fair
Megan Owens,62,1874,6,Good
Kenneth Sawyer,49,967,8,Poor
Daniel Young,30,2693,5,Fair
Amanda Johnson,66,4395,7,Fair
Christine Lewis,36,2272,3,Fair
Mrs. Stephanie Hensley,20,3442,2,Poor
Andrew Cooper,61,953,8,Poor
Dr. John Ochoa,40,2396,1,Good
Kelly Phillips,32,3467,3,Good
Jacob Santos,69,2731,6,Fair
Laura Pittman,48,2012,5,Fair
Tonya Kramer,43,1227,6,Fair
Melissa Christensen,30,3288,8,Good
Robyn Myers,63,4862,5,Good
Mrs. Brenda Mullins,66,1648,5,Good
Amber Pitts,40,1194,1,Good
Ellen Williams,31,234,6,Good
Amanda Chen,54,2358,8,Good
Amy Gonzalez,78,1594,3,Fair
Karen Hicks,77,251,1,Fair
Douglas Bonilla,46,2006,1,Good
Mark Jones,24,2179,5,Fair
John Wiggins,54,2785,7,Good
Jacqueline Fitzgerald,52,737,5,Poor
Francisco Navarro,78,3366,5,Poor
Cynthia Chan,61,4783,7,Good
Shane Wade,38,2729,6,Good
Erin Griffin,33,1942,6,Good
Mary Meyer,69,4654,5,Poor
Joseph Pierce,25,824,4,Good
Robert Kennedy,76,1873,7,Good
Richard Vance,23,2780,2,Good
Timothy Taylor,59,2824,3,Poor
Misty Lucas,62,4690,5,Good
Christopher Mercer,57,1292,2,Fair
Edward Schwartz,57,4345,3,Good
Laura Carter,29,4423,3,Poor
Shannon Moses,61,2298,2,Fair
Jason Flores,65,1878,3,Poor
Jennifer Carter,34,4480,3,Poor
Matthew Baldwin,68,167,4,Good
Samantha Spears,76,3189,4,Fair
Samantha Bullock,52,3946,3,Fair
Ashley Short,36,3747,4,Fair
Miranda Wheeler,57,3173,1,Poor
Christine Conley,76,2980,1,Poor
Robert Aguilar,62,143,6,Fair
Justin Sanchez,52,2147,3,Fair
George Green,70,1651,5,Fair
Monica Rice,21,245,2,Good
Eric Davis,41,4529,1,Fair
Joann Frazier,79,3204,5,Fair
Molly Garcia,41,3919,2,Poor
Lauren Clark,80,158,7,Good
Jason Schneider,41,2435,4,Good
Ruth Stanley,79,3289,7,Poor
John Thomas,62,208,7,Good
Ruben Graham,72,4337,3,Good
Sarah Brown,22,4558,4,Poor
Randy Young,67,2714,3,Fair
Jason Harris,63,1722,5,Poor
Theresa Hayes,47,1816,8,Good
Brittany Knight,59,2953,3,Poor
Amanda Jackson,58,3287,6,Fair
Shirley Smith,70,1270,4,Fair
Glenn Williamson,27,1023,6,Fair
Lacey Mclaughlin,33,3734,1,Fair
Autumn Clark,53,2156,1,Good
Mike Fischer,48,797,6,Poor
Eric Roman,72,4179,8,Poor
Janice Robinson,19,4185,1,Poor
Amy Hill,35,4538,2,Fair
Jason Jones MD,40,2322,2,Fair
Jared Armstrong DDS,52,1617,8,Good
Penny Taylor,21,2467,8,Poor
Lindsey Stewart,21,3218,4,Fair
John Mendez,62,2874,4,Poor
James Erickson,61,729,6,Fair
Mr. Greg Martinez,38,2081,1,Poor
Michele Sanders,56,3537,2,Poor
Michael Sanchez,18,2006,6,Fair
Joseph Nelson,41,4891,4,Poor
Rachel Morgan,47,1608,2,Good
Travis Smith,73,2156,7,Fair
Melissa Noble,23,1981,1,Poor
Kelsey Gill,20,3440,4,Good
Oscar Griffith,69,1559,8,Good
Kevin Miller,78,1899,6,Poor
Scott Rice,66,1597,8,Good
Albert Ali,22,1187,5,Good
Sarah Kelley,50,2922,8,Fair
Cynthia Smith,21,4480,8,Poor
Kayla Russell,21,1291,2,Good
Michael Meyers,44,4361,1,Good
Edward Jordan,42,3901,1,Poor
Dana Gomez,52,664,6,Good
Jorge Cordova,63,679,3,Poor
Nicole Lee,37,459,8,Fair
Rhonda Kelley,74,1684,5,Fair
Heather Barr,65,4449,6,Fair
Heather Meyer,28,1556,8,Poor
Debra Potter,47,3374,3,Fair
Donna Martinez,67,4428,6,Good
Laura Baker,50,4962,5,Fair
Veronica Stephens,79,4914,3,Poor
Bonnie Chambers,53,2408,6,Fair
Matthew Simon,37,4089,7,Good
Alexander Lowery,30,4759,6,Fair
Tiffany Carter,24,2747,7,Poor
Andrew Gilbert,48,3638,7,Fair
Mary Hughes,72,2916,7,Good
Brent Hopkins,46,1598,2,Fair
Brian Daniels,42,3283,5,Poor
Hannah Castillo,40,2076,7,Good
Evan Johnson,27,2807,5,Fair
Curtis Evans,45,1866,4,Good
Stacie Santiago,73,715,4,Good
Blake Wood,37,865,7,Poor
Stacy Mcdonald,30,2060,3,Fair
Jeremy Dean,77,3527,5,Good
Adrian Smith,33,410,5,Good
Shawn Ferguson,57,1372,7,Poor
Dr. Tina Lee,53,881,5,Poor
Sarah Brewer,64,2302,4,Poor
Andrew Alvarado,28,1918,5,Fair
Thomas Rodriguez,45,4511,5,Poor
Brittany Figueroa,44,3619,3,Good
Kelly Allen,33,2042,5,Fair
Michelle Norris,66,1301,8,Good
Scott Gonzalez,80,1816,2,Good
Shelly Rose,38,352,3,Poor
Lindsey Mason,22,447,6,Good
Sheila Heath,21,2986,8,Good
Krystal Fowler,72,643,7,Fair
Gary Walsh,38,2617,1,Fair
Carol Wood,43,2644,5,Poor
Joseph Williams,73,2639,4,Good
Jennifer Cooper,55,3121,3,Poor
Dr. Patricia Cunningham,30,1882,2,Good
Tammy Jefferson,67,3878,6,Poor
Phillip Irwin,76,4091,4,Good
Zachary Fowler,74,868,8,Good
Emily Williamson,48,3435,7,Good
Elizabeth Marshall,68,272,7,Poor
Jonathan Martin,71,1724,6,Fair
Cynthia Osborne,19,1144,1,Poor
Jennifer Lyons,29,1549,4,Poor
Natalie Schneider,38,1229,3,Fair
Wanda Lowe,29,4031,3,Good
Ian Brandt,55,597,7,Poor
Lisa Richards,42,2085,5,Poor
Michelle Maldonado,68,1601,3,Fair
Aaron Fischer,52,3404,1,Good
Jason Wheeler,64,1136,5,Fair
David Riggs,62,4234,5,Fair
Jose Roberts,23,647,8,Poor
Brenda Camacho,69,4259,8,Good
Randall Davis,79,3143,3,Poor
Bradley Miles,48,3230,3,Poor
Heather Horton,39,1680,1,Fair
Kathleen Bell,24,2488,8,Fair
Angela Miller,58,1609,7,Fair
Brandy Adams,32,2458,7,Good
Rebecca May,56,3377,1,Good
Judy White,26,1902,2,Poor
Deanna Wilson,52,2997,6,Poor
Nancy Boone,60,2849,6,Fair
Jasmine Lewis,32,1144,3,Poor
Todd Hess,62,3278,5,Good
James Thomas,19,542,2,Good
Erica Parsons,62,3484,8,Good
Jared Davis,56,2304,3,Fair
Julian Baker,40,418,6,Poor
Kristina Wall,60,3258,1,Fair
Laura Solis,47,1793,4,Poor
Deborah Baker,65,3076,8,Poor
Alexandria Cook,28,490,3,Good
Tammy Shannon,58,3099,1,Good
Stephen Williams,49,718,6,Poor
Angela Hampton,68,2700,7,Poor
Richard Nguyen,76,3304,6,Good
Patrick Rivera,51,4664,1,Good
Michelle Miller,45,4659,1,Good
Shannon Sullivan,38,4786,3,Good
Katherine Ingram,32,3777,8,Fair
Carolyn Brown,43,142,8,Good
Krista Watkins,70,1956,8,Poor
Wendy Rodriguez,73,4729,7,Good
Jonathan Whitaker,24,691,6,Fair
Brenda Hayes,49,1615,7,Good
Ryan Reed,19,2740,5,Fair
Frederick Patel,60,1674,4,Fair
David Jones,68,3981,8,Poor
Nathan Atkinson,48,4537,2,Fair
Amanda Johnson,42,3311,3,Good
Kathryn Walker,39,1549,7,Fair
Rachel Scott,42,693,7,Poor
Heather Young,72,2990,5,Fair
Michael Powell,50,2138,5,Good
Michelle Ellis,25,3167,4,Fair
Tara Rivera,27,2457,2,Good
Nancy Thomas,71,478,5,Good
Samantha Schroeder,39,3818,7,Fair
Susan Tyler,37,2853,3,Fair
Stephanie Phillips,34,4090,4,Good
Susan Henry,19,2763,5,Fair
Traci Pham,44,364,3,Poor
Joy Hurley,19,1493,5,Poor
Kelly Miller,40,4554,5,Poor
Miguel Warner,56,1362,4,Fair
Brandon Cole,49,107,5,Good
Jerry Ramirez,31,2906,6,Good
William Cervantes,23,3862,6,Poor
Jesse Pearson,48,2830,5,Fair
Gregory Perez,31,132,6,Good
Lucas Johnson,25,4746,5,Poor
Carrie Shelton,79,433,2,Fair
Justin Blackburn,73,2973,4,Good
Bruce Brown,76,2333,1,Fair
Patricia Burke,34,2597,6,Good
Kevin Ruiz,51,3378,8,Fair
Christina Clark,68,2623,3,Poor
Hannah Graves,59,4701,6,Poor
Nina Collins,28,1834,5,Poor
Tamara Diaz,60,3975,3,Fair
Jennifer Nolan,55,4352,1,Good
Jessica Kim,22,3016,8,Poor
Lauren Jones,76,129,6,Poor
Stephanie Torres,63,2076,7,Fair
Cathy Edwards,46,4058,2,Good
Joseph Rivera,40,2458,5,Good
David Giles,76,2004,4,Poor
Donald Jackson,68,2617,8,Good
Jonathan Oconnell,26,1848,3,Poor
Deborah Rodriguez,36,3036,1,Poor
Cathy Gillespie,20,413,5,Fair
Leah Johnson,47,1422,6,Fair
Matthew Black Jr.,21,1411,6,Fair
Jason Murray,65,4065,6,Poor
Brad Cook,69,3212,4,Poor
Paul Williams,25,4041,7,Good
Bradley Johnson,66,2327,6,Poor
Harry Rodriguez,52,2355,6,Good
Anna Allen,51,3657,5,Poor
Jacob Henry,26,2172,8,Good
Laurie Robinson,79,2149,7,Fair
Elizabeth Glover,77,2580,6,Poor
Kevin Kelly,75,3542,4,Poor
James Cantrell,69,3757,8,Good
Michael Barrett,46,1917,5,Good
Sean Brown,71,4749,3,Fair
Michael Castillo,52,2954,2,Fair
Lauren Hampton MD,56,1457,3,Fair
Anna Gilbert,54,900,4,Good
Christy Romero,37,2006,6,Poor
Mr. Tyler Martinez,32,1376,3,Fair
James Day,25,3128,8,Fair
John Mccarty,41,372,8,Fair
Kyle Espinoza,25,1677,7,Good
Christine Shaffer,38,3379,8,Good
Ryan Coleman,40,120,8,Fair
Jacqueline Fleming,62,2447,8,Good
Luke Rangel,25,4784,6,Good
Carol Miller,50,1035,6,Fair
Alexis Johnson,46,101,5,Poor
Cindy Williamson,65,1585,8,Poor
Michael Dickson,64,4084,2,Good
Alexandria Cross,40,1794,6,Poor
Ashley Browning,67,4742,8,Good
Brittany Sweeney,42,3735,5,Poor
Laurie Obrien,33,1107,2,Fair
Michael Nguyen,40,842,7,Fair
Eugene Fuentes,56,3017,4,Fair
Nicole Vasquez,39,3237,2,Good
Jessica Reynolds,47,1479,5,Poor
Lance Landry,74,4323,2,Poor
Mark Oliver,58,3576,8,Poor
Lindsey Lamb DVM,18,1571,2,Poor
Zachary Rose,69,176,7,Fair
Tim Edwards,67,3618,7,Good
Dana Smith,65,4571,3,Fair
Zachary Hernandez,72,1610,4,Fair
Megan Pineda,56,2222,4,Poor
Angela Hernandez,42,1635,5,Good
Adam Brown,35,2924,6,Good
Jennifer Luna,54,194,7,Good
Joseph Marks,45,824,8,Fair
Mary Gonzales,71,226,2,Poor
Carolyn Jensen,59,2533,2,Fair
Nathan Sloan,41,1942,7,Poor
Matthew Warren,79,3124,7,Poor
Laurie Vasquez,51,1122,4,Poor
Michele Stewart,59,1054,5,Poor
Anita Briggs,52,241,2,Good
Elizabeth Ware,37,3469,7,Poor
Cynthia Hicks,60,1683,2,Poor
Elizabeth Jones,64,4095,4,Poor
Robert Lloyd,28,1469,3,Poor
Holly Harrington,42,2204,4,Good
Anthony Rodriguez,37,3695,7,Poor
Mallory Crawford,47,4370,8,Poor
Karina Thomas,61,3500,5,Good
Sara Johnson,25,2215,6,Fair
Lisa Carrillo,56,4842,6,Poor
Denise Wilcox,76,4400,1,Fair
Rebecca Ruiz,29,1145,5,Good
Sean Hayes,56,3352,1,Poor
David Williams,41,511,2,Good
Ryan Elliott,44,1161,7,Poor
Amy Stewart,35,144,8,Poor
Joseph Miles,36,1351,6,Good
Erica Hernandez,36,4644,1,Poor
Brian Wade,52,4340,1,Good
Daniel Sawyer,70,4495,3,Fair
Shawna Wright,19,325,7,Good
Jean Morgan,80,3938,2,Good
Kathryn Garza,40,830,3,Poor
Amy Howell,59,3097,7,Fair
Jessica Moore,19,380,1,Good
Crystal White,62,1067,2,Fair
Jesse Graham,50,4019,5,Good
Victoria Manning,57,1216,2,Good
Scott Dickson,56,3158,7,Fair
Melissa Rodriguez,39,3832,2,Fair
Trevor Lambert,61,4911,7,Poor
Heidi Jackson,49,1923,8,Good
Trevor Chavez,22,2774,8,Poor
Robert Cooper,73,3984,6,Good
Kenneth Bates,73,4651,3,Good
April Morrison,71,3326,8,Poor
Stephen Mendoza,72,2908,2,Fair
Marcus Kerr,38,673,1,Fair
Deborah Flores,69,4606,4,Poor
Jason Cox,55,2659,2,Poor
Miguel Jones,36,2156,1,Poor
Maria Meyer,79,665,7,Fair
Jeffrey Sullivan,26,1796,3,Poor
Christopher Reid,41,3674,2,Good
Jonathan Fernandez,51,2396,2,Good
Heather Rodriguez,25,2129,8,Good
Matthew Romero,46,941,3,Poor
Jay Chambers,28,1873,5,Poor
William Bell,63,4958,2,Fair
Tracy Gray,51,4500,1,Fair
Karen Gates,40,2975,4,Poor
James Arnold,57,4942,4,Poor
Raymond Hill,40,1609,2,Poor
Joseph Miller,38,753,1,Fair
Manuel Deleon,27,4351,5,Fair
Kathryn Thomas,52,1791,3,Good
Jill Johnson,44,1858,4,Good
Ashley Guzman,63,697,7,Good
Robert Campbell,48,434,5,Good
Melissa Terrell,24,2082,4,Good
Robert Nichols,36,2193,1,Poor
Michael Clark,74,183,2,Fair
Jonathan Myers,53,4879,1,Good
Jennifer Kent,51,2607,7,Fair
Stephanie Mueller,59,3757,3,Fair
Wendy Smith MD,26,4043,2,Poor
Kristopher Williams,65,1238,2,Poor
Mark Rice,63,1986,5,Poor
Christopher Walker,70,1130,6,Fair
Thomas White,26,4845,2,Good
Jonathan Velasquez,35,2109,6,Fair
Pamela Holmes,67,3034,2,Fair
Shannon Campbell,34,4979,4,Fair
Tyler Willis,52,4589,6,Fair
Dr. Kenneth Wright DDS,53,3344,3,Fair
Amy Ford,33,1105,4,Fair
Jessica Miller,40,1373,8,Poor
Brenda Short,45,617,7,Good
Patrick Wagner,50,573,3,Fair
Teresa Jacobs,19,2746,6,Good
Arthur Young,51,3437,2,Good
Cody Singh,49,740,6,Good
Aaron Heath,33,4692,8,Fair
Vicki Watson,72,4653,3,Poor
Matthew Robinson,36,4432,8,Poor
Jonathan Huffman,43,4398,1,Poor
Natasha Silva,30,2943,4,Good
Jimmy Bowen,52,3328,2,Good
Gary Smith,76,1295,8,Poor
Laura Bell,36,4388,8,Poor
Samantha Moore,75,4967,3,Good
Karen Todd,54,192,2,Good
James Jones,47,4062,7,Fair
Kirk Blake,71,886,5,Fair
Gina Green,79,4981,7,Poor
Lisa Acosta,29,4575,8,Good
Dana Campbell,75,2136,8,Fair
Julia Jefferson DVM,19,335,1,Poor
Patrick Hale,46,615,2,Poor
Stacey Lee DVM,48,4359,1,Fair
Stanley Reid,53,4765,2,Poor
Paige Dixon,30,2598,1,Good
Alyssa Hines,71,2690,6,Poor
Melvin Klein,22,3482,3,Good
Juan Grant,60,1109,1,Good
Richard Mckay,80,4657,3,Fair
Angela Perez,19,4417,8,Good
Allison Martinez,46,2846,6,Poor
Raymond Carter,30,4261,4,Good
Danielle Bowen,45,1693,5,Fair
Candice Brady,56,2899,7,Fair
Theresa Dean,48,597,6,Good
Aimee Klein,31,219,8,Poor
Kelly Baxter,54,4655,3,Good
Katherine Hood,56,1309,3,Poor
Michael Wall,55,1315,7,Fair
Brandy Harris,21,4765,5,Fair
Matthew Morrow,58,424,4,Fair
Vanessa Bean,49,287,2,Good
Wendy Mclaughlin,31,3414,7,Good
Gerald Miller,20,2466,2,Good
Scott Davis,51,1738,6,Poor
Lawrence Sims,42,1539,2,Poor
Michael Wagner,46,1687,4,Good
Robert Castro,27,4528,2,Poor
Mark Thompson,80,2759,2,Good
Curtis Lowe,71,1928,3,Fair
Alicia Green,43,4931,2,Poor
Dominique Sanchez,50,2649,8,Good
Aaron Colon,28,813,6,Fair
Edward Williams,50,3314,6,Poor
Michael Goodwin,61,3552,1,Poor
Larry Velasquez,51,460,3,Good
Adrian Stewart,42,4590,2,Poor
Dennis James,66,1602,6,Fair
Destiny Curtis,75,4073,7,Good
Mark Morrow,67,3363,8,Fair
Samuel Cowan,46,3995,6,Fair
Robert Thompson,32,4763,3,Good
Joshua Jennings,41,672,7,Fair
Anne Smith,47,777,3,Poor
William Schroeder,37,4373,8,Fair
Anthony Walter,75,4781,3,Fair
Kimberly Smith,34,2609,5,Poor
Melanie Mcneil,32,2436,6,Fair
Tyler Evans,75,2650,2,Fair
Tiffany Figueroa,77,3073,6,Fair
Vanessa Chapman,79,3539,7,Fair
James Rogers,63,4012,1,Good
Nicholas Jacobs,61,2485,3,Poor
Cassidy Floyd,25,1116,4,Poor
Travis Acosta,18,2841,7,Fair
Olivia Owens,79,3997,4,Fair
Heather Hernandez,68,1555,2,Fair
Thomas Molina,73,2795,8,Good
Jillian Smith,28,1360,3,Fair
Julie Berry,38,429,1,Fair
Diane Schultz,54,645,6,Poor
Heather Fowler,70,3234,4,Poor
Carrie Green,30,4243,2,Good
Ian Smith,22,3078,2,Good
Jeffery Nguyen,27,167,8,Good
Janet Brown,32,3927,8,Fair
Kayla Hansen,28,3206,6,Poor
Mr. Michael Alvarez,52,4331,8,Good
Juan White,78,1250,5,Poor
Paul Romero,66,2579,8,Good
Charles Wilkerson,52,3306,1,Poor
Brian Baker DDS,30,2126,8,Poor
Charles Martin,72,2153,8,Good
Latoya Ross,61,4564,4,Good
Edward Short,37,4693,4,Fair
Tammy Ramirez,41,1662,6,Good
Deborah Lee,57,4459,6,Good
Lauren Aguilar,66,3923,7,Good
Shelby Long,57,1310,4,Good
Anna Roberts,58,771,4,Fair
Thomas Mcknight,20,4781,4,Poor
Jason Jones,41,4749,6,Poor
Connie Jones,58,1153,1,Poor
Jeffrey Guzman,65,3548,7,Poor
Nicholas Armstrong,58,1310,1,Poor
Stephanie Cohen,43,3870,3,Poor
Rodney Roth,49,3401,2,Poor
Calvin Mason,31,1584,4,Good
Suzanne Gomez,36,3427,2,Poor
Erin Preston,54,2943,7,Poor
Eugene Maddox,62,3978,1,Poor
Casey Davis,22,4064,3,Poor
Sarah Crawford,32,2639,6,Fair
Lisa Mcdonald,44,1122,6,Poor
Janet Thomas,27,1429,8,Fair
Shelley Warren,59,946,3,Good
Kirk Long,49,632,4,Good
Robert Nelson,74,460,6,Good
Benjamin Mercer,45,1003,6,Good
Robert Lewis,34,3078,1,Poor
William Wilson,73,3901,1,Fair
Megan Watkins,19,2176,3,Poor
Darrell Roberts,43,4250,2,Fair
Vanessa Gonzalez,44,996,8,Good
Chase Robinson,36,3059,7,Fair
Jacob Johnson,55,1507,2,Poor
Shawn Smith,50,2298,6,Good
Kimberly Myers,69,1351,7,Poor
Christopher Williams,75,4348,7,Good
Andrew Shaw,53,4279,3,Fair
Stephanie Reese,29,2814,4,Poor
Tim Hardy,74,862,6,Poor
Michael Lewis,66,1430,7,Good
Jennifer Briggs,68,1367,5,Poor
Gary James,59,791,3,Good
Curtis Short,32,3787,3,Fair
Joe Black,44,3429,3,Poor
David Mendoza,32,4072,4,Good
Kenneth Gallegos,78,3151,3,Poor
Ricardo Rivera,30,2998,2,Poor
Patty Roberts,69,1368,5,Poor
Richard Vargas,30,1382,7,Good
Alex Ford,19,3977,3,Good
Thomas Mccormick,80,2663,5,Good
Megan Aguirre,45,4262,2,Poor
Austin Steele,21,4241,1,Fair
Randy Davis,70,961,5,Good
Tammy Cummings,27,1101,4,Fair
Samantha Jensen,79,1130,4,Good
Tristan Perkins,80,1861,4,Poor
Jeffrey Clark,43,4122,5,Fair
Elizabeth Rogers,33,4765,3,Fair
Colleen Jones,24,328,1,Poor
Chloe Clark,73,789,3,Good
Glenn Schmidt,50,317,5,Poor
Larry Graham,63,593,3,Good
Kevin Moran,52,2048,1,Good
Heather Wagner,80,4009,1,Good
Randy Price,34,1155,8,Poor
Jared Rodriguez,34,3526,7,Good
Andrew Vega,39,1718,4,Good
Brandon Campbell,50,3805,8,Fair
Paul Walsh,30,3358,3,Fair
Alex Myers,73,2590,8,Fair
David Fernandez,79,854,1,Good
Manuel Gutierrez,60,4293,8,Good
Heather Payne,43,653,8,Fair
Nina Beck,40,1729,7,Good
Brandon Williams,32,3909,2,Poor
Derek Cordova,70,4536,5,Fair
Anita Rodriguez,51,4685,2,Good
Joseph Rose,73,3619,8,Good
Francisco Robbins,19,124,8,Fair
Donald Lopez,44,2427,4,Good
Sharon Schwartz,25,924,6,Poor
Patricia Hancock,68,730,8,Poor
Chad Maldonado,70,1428,3,Poor
Erica Nelson,44,4447,7,Poor
Gregory Morrow,45,2062,7,Good
Elizabeth Ortiz,25,1830,4,Poor
Donald Nguyen,19,3782,6,Good
Judith Moore,40,4136,4,Fair
Steven Thompson,77,4773,4,Good
Amber Gibson,44,967,6,Good
Carlos Nguyen,60,3387,7,Fair
Martin Flores,56,938,2,Good
Travis Kelly,78,2871,8,Fair
Melissa Patrick,23,1965,4,Fair
Ronald Gamble,33,2287,3,Good
Tracy Ellison,58,1402,2,Good
Sharon Williams DDS,35,3877,6,Good
Jessica Waller,72,3386,7,Good
Theodore Gardner,43,809,7,Fair
Timothy Williams,34,478,1,Poor
Crystal Williams,62,3876,5,Fair
James Scott,41,1555,8,Good
Raymond Hayes,25,2734,6,Poor
Angela Hoffman,79,4960,2,Good
Henry Berg,67,4755,3,Poor
Cynthia Parks,35,240,3,Good
Erika Wade,56,2754,6,Poor
Dana Brown,34,1083,1,Fair
Alyssa Ross,78,821,7,Fair
Carol Lewis,19,504,6,Poor
Caleb Peterson,53,3022,3,Poor
Becky Gordon,23,4760,1,Fair
Katie Freeman,19,4808,7,Good
Juan Snyder,53,886,2,Poor
Lisa Gutierrez,47,2187,7,Fair
Angelica Charles,40,1657,5,Poor
Kevin Ramirez,28,1031,5,Good
Stephen Dean,56,2241,1,Poor
Ashley Fisher,42,3337,5,Poor
Stephanie Beasley,31,3649,6,Poor
Joe Rice,61,1343,1,Fair
Elizabeth Grimes,69,4435,1,Poor
Megan White,45,2567,7,Fair
Amber Hayes,30,3341,8,Poor
Natalie Diaz,48,3616,4,Fair
Candice Sutton,44,4078,1,Poor
Amber Robinson,20,1487,3,Fair
Charles Ingram,58,1514,3,Fair
William Gordon,80,2462,6,Fair
Elizabeth Brown,79,938,6,Good
Ricardo Evans,58,2479,1,Good
Jessica Anthony,35,4341,4,Poor
Mark Humphrey,40,3227,7,Good
Justin Gonzalez,64,4198,7,Poor
Kimberly Snyder,53,1921,1,Good
Andrew Price,72,2186,5,Fair
Jesse Bird,21,2418,5,Fair
Antonio Bailey,57,3583,7,Good
Marissa Davis MD,49,2110,4,Fair
Christopher Gonzalez,67,233,6,Good
Gregory Mendoza,57,2643,6,Poor
Joy Roberts,59,3574,5,Poor
Brandon Reynolds,21,327,8,Poor
Christopher Bell,43,4492,2,Good
Alexandra Reynolds,35,455,4,Poor
Eduardo Foster,75,3059,1,Poor
John Valencia,78,2195,8,Fair
Jonathan Gross PhD,48,2046,6,Good
Denise Levine,44,3859,3,Fair
Stephanie Freeman,50,4071,8,Fair
Tyler Knight,60,2417,2,Fair
Gabriel Castro,40,2775,8,Good
Michele Anderson,66,4832,3,Good
Steven Jackson,42,2522,1,Poor
Robert Reed,77,4162,5,Good
Crystal Hamilton,33,276,7,Poor
Heather Mcclure,50,1128,4,Fair
Dana Jackson,51,2856,6,Poor
Monica Grant,41,2640,1,Good
Jodi Flynn,37,3249,8,Good
Heather Sullivan,67,1591,6,Good
Sabrina Pineda,78,2524,5,Poor
Randy Black,27,582,7,Fair
Melissa Wilson,54,2814,1,Poor
Leah Nelson MD,38,1969,1,Poor
Jennifer Gordon,42,2374,3,Fair
Kimberly Stewart,46,3928,2,Poor
Cynthia Evans,48,2256,8,Poor
Brittany Clark,59,995,6,Good
Amy Werner,40,2660,3,Good
Randall Burnett,26,2342,4,Fair
Cody Moss,53,862,4,Fair
Mark Ramirez,26,1972,1,Fair
David Weeks,33,1557,3,Poor
Devon Hamilton,42,2840,1,Poor
Amy Sherman,71,377,1,Good
Sandra Andersen,79,2972,6,Fair
Stephen Peters,55,929,8,Poor
Rebecca Mendez,36,4941,2,Good
Scott Edwards,51,1048,2,Poor
Mark Adams,63,4971,6,Good
Kristen Rogers,80,4669,2,Good
Brady Johnson,74,4881,8,Fair
Sean Pugh,21,2605,1,Good
George Brewer,52,4686,1,Fair
Amber Nunez,61,4695,7,Good
Anthony Washington,57,2349,7,Poor
Katherine Vargas,46,2139,1,Fair
Valerie Tran,42,2004,7,Good
Joseph Jackson,37,3504,6,Good
Christopher Moore,68,2973,8,Fair
John Schroeder,72,2383,8,Fair
Clinton Warren,80,943,7,Poor
Nicholas Cox,57,3473,6,Fair
Monica Davis,46,3627,3,Poor
Daniel Guzman,45,2908,2,Poor
Amanda Smith,19,4066,2,Good
Lisa Cruz MD,56,1388,1,Poor
Holly Smith,60,606,6,Good
Derrick Young,37,3469,4,Fair
Claudia Gonzales,66,1396,6,Good
Katie Glover,29,4048,3,Fair
Daniel Carrillo,67,1595,1,Fair
Tara Hodge,51,345,5,Good
Ronald Gibson,55,4750,5,Good
Carlos Thompson,37,1511,5,Fair
Cheryl Brown,72,1872,6,Poor
Kristopher Elliott,79,1030,5,Good
Ashley Reed,75,4274,5,Poor
Peter Harmon,44,1943,6,Poor
Marc Rollins,42,1203,8,Good
Paula Peterson,63,2244,5,Good
Kristen Lowe,56,662,3,Good
Christina Foster,41,4879,7,Good
James Reese,68,3705,1,Poor
Craig Combs,50,4520,2,Poor
Brandon Weeks,19,2772,3,Poor
Lisa Powell,49,4852,3,Good
Anthony Brown II,38,4880,5,Poor
Katie Brown,63,3935,3,Good
Derek Barnett,33,4563,4,Poor
Donald Miller,32,4483,3,Fair
Edward Reese,75,2159,2,Poor
Amanda Davis,25,4550,5,Poor
Jacob Francis,68,2756,5,Poor
Erik Jones,49,4414,1,Poor
Richard Ramos,35,4389,2,Poor
Mark Morgan,29,2837,8,Fair
Amy Clarke,76,2167,6,Fair
Mark Lyons,79,3184,7,Poor
Brandon Hunt,62,3374,5,Good
Erik Williams,63,751,6,Good
Christopher Holmes,78,2119,5,Poor
Craig Howard,73,3037,6,Poor
Michael Herrera,28,2027,8,Poor
Kevin Blake,72,3242,3,Fair
Karen Robertson,52,3046,8,Good
Katie Carter,42,668,2,Fair
Dana Gonzales,46,1758,4,Fair
Timothy Matthews,27,811,3,Fair
Dr. Douglas Wright MD,71,2420,7,Good
Lee Mendoza,27,4036,6,Poor
Kimberly Lee,27,579,1,Fair
Kyle Carrillo,49,2363,4,Good
Heather Cobb,26,3274,6,Fair
David Adams,31,2902,5,Poor
Tiffany Smith,30,4250,8,Poor
Jose Marshall,57,1431,6,Poor
Dr. Ann Knight,25,1604,8,Fair
Nathan Cross,30,2466,5,Poor
Carl Bruce,26,1454,1,Good
Rebekah Rowland,30,3508,1,Poor
Johnny Lee,40,2763,8,Fair
Brian Brown,50,431,8,Poor
Louis Skinner,34,975,6,Good
Cheryl Wiggins,65,3132,4,Poor
Audrey Gonzalez,36,1940,3,Fair
Cynthia Summers,44,2184,1,Fair
Daniel Reyes,53,2177,5,Good
Randy Anderson,37,2082,1,Poor
Sarah Preston,28,1797,4,Fair
Joseph Maxwell,30,2951,7,Good
Alexa Miller,28,1676,1,Good
Jennifer Ramos,36,4542,3,Poor
David Woods,25,4365,1,Good
Theresa Owens,68,4280,6,Poor
Michelle Smith,21,3760,3,Good
Mark Paul,54,222,7,Fair
Karen Hunter,64,4944,5,Fair
Bruce Brown,70,2833,5,Fair
Eric Hernandez,52,4399,2,Poor
Barbara Gould,77,549,1,Good
Evan Watson,44,2048,7,Good
Connie Dickerson,70,4015,8,Good
Daniel Joseph,44,2654,3,Fair
Kelly Fuentes,51,4220,1,Fair
Laura Marsh,24,740,5,Good
Jennifer Zimmerman,27,1788,4,Good
Anne Griffith,25,4339,2,Poor
Cheryl Hill,37,3621,8,Poor
Stephanie Black,31,1676,5,Good
Lance Delgado,49,368,5,Fair
Kendra Woodard,26,1651,7,Good
Adam Ellis,19,1147,4,Good
Maria Holloway,71,515,8,Fair
David Dunn,22,3609,1,Fair
Shawn Ortiz,59,897,7,Fair
Robert Barnes,50,4271,2,Fair
Lauren Campbell DVM,78,321,2,Fair
Kristin Schwartz,55,681,3,Fair
Tracy Evans,53,1420,7,Poor
Peter Holloway,26,3123,5,Good
Gerald Lin,42,3060,3,Good
Samantha Palmer,32,3621,2,Fair
John Davis,22,3627,1,Fair
Bianca Wallace,70,3486,3,Fair
Chad Johnson,58,2907,4,Fair
Ian Arias,70,4951,4,Fair
Stanley Price,44,523,4,Fair
Ashley Wright,71,3856,7,Poor
Brenda Woodward,77,3786,8,Good
Vanessa Kramer,19,3412,2,Good
Alisha Lucas,18,1927,5,Good
Cynthia Smith,71,859,6,Poor
Terry Thompson,52,4217,1,Poor
Robert Davis,22,4196,6,Good
Jeffrey Garcia,52,4987,4,Poor
Shaun Barker,21,1863,7,Fair
Melissa Roth,31,4848,3,Good
Jason Wood,42,4651,3,Fair
William Jarvis,79,2515,2,Fair
Melissa Wise,21,4962,7,Good
Joshua Mata,34,4694,6,Good
Megan Myers,57,3818,5,Poor
Stacey Carlson,73,1130,8,Good
Kayla Powell,57,970,3,Fair
Sarah Sherman,78,2315,7,Good
Troy Hammond,61,928,7,Fair
Eric Ross,20,4175,6,Poor
Tracie Mejia,48,3853,5,Fair
Austin Palmer,49,1746,1,Good
Crystal Martin,23,2750,3,Fair
James Meadows,71,584,1,Fair
Tyler Cannon,26,796,4,Poor
Joseph Johnson,28,4201,5,Good
Ronald Delgado,44,3641,2,Good
Crystal Alvarado,26,1103,4,Poor
Juan Johnson,65,1166,5,Poor
Ronald Brown,44,1555,3,Good
Jennifer Neal,30,2812,4,Good
Beth Garrett,36,1699,2,Poor
Eric Hale,53,2107,2,Good
Alyssa Torres,43,3380,8,Fair
Samuel Goodwin,28,4012,8,Fair
Luis Valdez,19,381,4,Good
Madison Mcgee,31,3464,5,Poor
Amy Ramirez,30,2880,4,Poor
Chelsea Cherry,60,3034,1,Fair
Joan Allen,50,2890,3,Poor
Michael Nichols,58,3526,4,Good
Amanda Jones,36,4144,1,Poor
Amanda Perez,35,3126,1,Good
Tyler Preston,44,4692,6,Poor
Scott Walker,22,4712,6,Good
Jennifer Howe,55,497,2,Poor
Robert Hall,33,570,7,Fair
Caroline Miranda,20,4072,4,Fair
Isabel Turner,21,1970,7,Good
Mark Collins,52,2666,8,Good
James Rodriguez,26,4057,4,Good
John Johnson,23,3032,5,Fair
Jonathon Fry,22,987,1,Good
Jeremy Torres,39,458,5,Poor
Leslie Smith,30,2055,1,Poor
Bridget Stephens,53,2399,8,Good
Michael Stuart,36,2109,3,Poor
Alvin Johnson,37,3495,1,Good
Lindsay Phelps,45,3401,7,Good
Maureen Hayes,54,3483,1,Poor
